{"Entity property Avg train loss": 0.1349728867373429, "_timestamp": 1666374783.7328768, "_runtime": 31900.1881608963, "_step": 59, "train - entity_property accuracy: ": 0.9603572280737636, "train - entity_property macro_accuracy: ": 18782.666666666668, "train - entity_property f1_score: ": [0.5, 0.979360403208632], "train - entity_property f1_score_micro: ": 0.9603572280737636, "train - entity_property f1_score_macro: ": 0.739680201604316, "Polarity Avg train loss": 0.13310247162356972, "train - polarityaccuracy: ": 0.9696868754163891, "train - polaritymacro_accuracy: ": 970.3333333333334, "train - polarityf1_score: ": [0.9859011381009002, 0.28571428571428575, 0.0], "train - polarityf1_score_micro: ": 0.969686875416389, "train - polarityf1_score_macro: ": 0.42387180793839535, "_wandb": {"runtime": 31918}}