{" Entity property Avg train loss ": 0.18031050997211565, "_timestamp": 1666532816.0616994, "_runtime": 7058.572722434998, "_step": 0, "_wandb": {"runtime": 8923}}