{"Entity property Avg train loss": 0.1553840813641707, "_timestamp": 1666335274.1532247, "_runtime": 1667.7037267684937, "_step": 35, "accuracy: ": 0.9730179880079947, "macro_accuracy: ": 973.6666666666666, "f1_score: ": [0.9863244977207497, 0.0, 0.0], "f1_score_micro: ": 0.9730179880079947, "f1_score_macro: ": 0.32877483257358325, "Polarity Avg train loss": 0.22808788801077753, "_wandb": {"runtime": 1675}}