{"eval_entity_property  accuracy: ": 0.962726250127825, "_timestamp": 1667157002.5444608, "_runtime": 121794.73366069794, "_step": 109, "eval_entity_property  macro_accuracy: ": 18829.0, "eval_entity_property  f1_score: ": [0.5412208936438011, 0.9805739867295548], "eval_entity_property  f1_score_micro: ": 0.962726250127825, "eval_entity_property  f1_score_macro: ": 0.7608974401866779, "Polarity Avg train loss": 0.06280637921299785, "eval_polarity accuracy: ": 0.9696868754163891, "eval_polarity macro_accuracy: ": 970.3333333333334, "eval_polarity f1_score: ": [0.9852166525063722, 0.30769230769230765, 0.15], "eval_polarity f1_score_micro: ": 0.969686875416389, "eval_polarity f1_score_macro: ": 0.48096965339955994, "_wandb": {"runtime": 121794}}