{"test polarity accuracy: ": 0.9703530979347101, "_timestamp": 1667190695.2900326, "_runtime": 2818.6171267032623, "_step": 4, "test polarity macro_accuracy: ": 971.0, "test polarity f1_score: ": [0.9855663100696213, 0.2777777777777778, 0.1518987341772152], "test polarity f1_score_micro: ": 0.9703530979347101, "test polarity f1_score_macro: ": 0.4717476073415381, "_wandb": {"runtime": 2818}}