{"eval_entity_property  accuracy: ": 0.9619252138937179, "_timestamp": 1666624251.933564, "_runtime": 89107.86976790428, "_step": 109, "eval_entity_property  macro_accuracy: ": 18813.333333333332, "eval_entity_property  f1_score: ": [0.5472233481961898, 0.9801270304410483], "eval_entity_property  f1_score_micro: ": 0.9619252138937179, "eval_entity_property  f1_score_macro: ": 0.7636751893186191, "Polarity Avg train loss": 0.07374934054678306, "eval_polarity accuracy: ": 0.9703530979347101, "eval_polarity macro_accuracy: ": 971.0, "eval_polarity f1_score: ": [0.9855663100696213, 0.2777777777777778, 0.1518987341772152], "eval_polarity f1_score_micro: ": 0.9703530979347101, "eval_polarity f1_score_macro: ": 0.4717476073415381, "_wandb": {"runtime": 89107}}